City_ID,City,Country,Lat,Lng,Max Temp,Humidity,Cloudiness,Wind Speed,Current Description
0,Buala,SB,-8.145,159.5921,79.65,81,97,2.91,overcast clouds
1,Cape Town,ZA,-33.9258,18.4232,58.08,44,40,17.27,scattered clouds
2,Bambanglipuro,ID,-7.95,110.2833,76.42,79,86,4.83,overcast clouds
3,Tecoanapa,MX,16.5167,-98.75,86.81,65,36,3.27,scattered clouds
4,Ushuaia,AR,-54.8,-68.3,44.22,56,75,6.91,broken clouds
5,Xuanhua,CN,40.6103,115.0447,59.52,94,83,4.79,broken clouds
6,Visby,SE,57.6409,18.296,55.85,82,40,14.97,scattered clouds
7,Basco,PH,20.4487,121.9702,83.48,70,48,21.63,light rain
8,Maniitsoq,GL,65.4167,-52.9,39.83,76,71,10.0,broken clouds
9,New Norfolk,AU,-42.7826,147.0587,54.9,75,100,1.01,overcast clouds
10,San-Pedro,CI,4.7485,-6.6363,79.48,80,71,9.26,broken clouds
11,Grand Gaube,MU,-20.0064,57.6608,73.8,71,3,8.99,clear sky
12,Albany,US,42.6001,-73.9662,71.67,69,93,8.16,overcast clouds
13,Longyearbyen,SJ,78.2186,15.6401,36.54,95,100,2.86,overcast clouds
14,Mataura,NZ,-46.1927,168.8643,49.48,89,100,1.19,overcast clouds
15,Mahebourg,MU,-20.4081,57.7,73.69,78,75,17.27,broken clouds
16,Mar Del Plata,AR,-38.0023,-57.5575,66.0,50,0,15.01,light rain
17,Sarakhs,IR,36.5449,61.1577,64.54,29,0,4.61,clear sky
18,Saint-Philippe,RE,-21.3585,55.7679,72.95,81,38,12.8,scattered clouds
19,Rikitea,PF,-23.1203,-134.9692,72.43,73,3,21.72,light rain
20,Yellowknife,CA,62.456,-114.3525,46.92,91,75,13.8,broken clouds
21,Bella Union,UY,-30.2752,-57.6007,76.21,60,86,9.64,overcast clouds
22,Yumen,CN,40.2833,97.2,47.95,35,38,16.6,scattered clouds
23,Gazimurskiy Zavod,RU,51.5461,118.3266,27.37,83,87,3.76,overcast clouds
24,Butaritari,KI,3.0707,172.7902,82.49,70,99,22.21,overcast clouds
25,Busselton,AU,-33.65,115.3333,51.08,56,93,20.94,overcast clouds
26,Tuktoyaktuk,CA,69.4541,-133.0374,35.6,93,90,6.91,overcast clouds
27,Egvekinot,RU,66.3167,-179.1667,6.26,88,7,1.9,clear sky
28,Kargasok,RU,59.0556,80.8572,30.78,95,98,4.83,overcast clouds
29,Ribeira Grande,PT,38.5167,-28.7,75.6,83,75,16.11,broken clouds
30,Ilulissat,GL,69.2167,-51.1,33.82,75,20,3.44,few clouds
31,Quatre Cocos,MU,-20.2078,57.7625,73.51,78,12,13.6,few clouds
32,Hermanus,ZA,-34.4187,19.2345,56.89,59,59,6.35,broken clouds
33,Barrow,US,71.2906,-156.7887,28.42,74,90,20.71,overcast clouds
34,Vaini,TO,-21.2,-175.2,71.76,94,75,11.5,broken clouds
35,Punta Arenas,CL,-53.15,-70.9167,44.71,70,75,21.85,broken clouds
36,Hirara,JP,24.8,125.2833,81.34,69,8,14.88,clear sky
37,Broken Hill,AU,-31.95,141.4333,62.31,48,100,10.36,overcast clouds
38,Georgetown,MY,5.4112,100.3354,80.89,86,20,0.0,few clouds
39,Victoria,HK,22.2855,114.1577,86.32,79,16,1.01,few clouds
40,Hilo,US,19.7297,-155.09,72.81,90,90,5.75,light rain
41,Kaitangata,NZ,-46.2817,169.8464,46.27,92,100,4.68,overcast clouds
42,Jacobina,BR,-11.1806,-40.5183,91.62,24,0,9.8,clear sky
43,Saskylakh,RU,71.9167,114.0833,18.97,97,100,3.18,overcast clouds
44,Mount Gambier,AU,-37.8333,140.7667,53.51,100,90,11.5,overcast clouds
45,Batticaloa,LK,7.7102,81.6924,80.55,80,66,6.15,broken clouds
46,Mangan,IN,27.5167,88.5333,70.81,84,43,5.06,scattered clouds
47,Gambela,ET,8.25,34.5833,70.36,97,100,2.46,overcast clouds
48,Upernavik,GL,72.7868,-56.1549,30.76,84,41,4.34,scattered clouds
49,Los Llanos De Aridane,ES,28.6585,-17.9182,73.15,78,40,14.97,scattered clouds
50,Bethel,US,41.3712,-73.414,72.77,65,1,3.0,clear sky
51,Port Hardy,CA,50.6996,-127.4199,50.0,100,90,4.61,moderate rain
52,Sambava,MG,-14.2667,50.1667,72.66,82,10,11.16,clear sky
53,Nicoya,CR,10.1483,-85.452,89.15,67,39,4.47,scattered clouds
54,Faanui,PF,-16.4833,-151.75,79.29,68,25,18.48,scattered clouds
55,Arraial Do Cabo,BR,-22.9661,-42.0278,84.16,61,0,6.91,clear sky
56,Marsa Matruh,EG,31.3525,27.2453,75.4,57,40,11.5,scattered clouds
57,Tobol,KZ,52.6844,62.5794,45.7,84,100,6.17,overcast clouds
58,Maceio,BR,-9.6658,-35.7353,87.24,70,75,9.22,broken clouds
59,Jamestown,US,42.097,-79.2353,72.01,56,1,7.0,clear sky
60,Qaanaaq,GL,77.484,-69.3632,26.82,83,100,13.2,overcast clouds
61,Kahului,US,20.8947,-156.47,77.85,84,20,10.36,few clouds
62,Castro,BR,-24.7911,-50.0119,71.6,71,100,1.16,overcast clouds
63,Kachiry,KZ,53.0675,76.1036,36.59,72,100,8.75,overcast clouds
64,Sao Jose Da Coroa Grande,BR,-8.8978,-35.1478,80.62,74,17,10.04,few clouds
65,Goulburn,AU,-34.75,149.7167,44.65,98,38,11.07,scattered clouds
66,Giaveno,IT,45.047,7.3492,66.72,73,98,1.12,overcast clouds
67,Saint George,US,37.1041,-113.5841,77.34,30,1,1.01,clear sky
68,Dingle,PH,10.9995,122.6711,76.84,90,98,2.13,overcast clouds
69,Nikolskoye,RU,59.7035,30.7861,51.69,87,78,5.19,broken clouds
70,Dikson,RU,73.5069,80.5464,33.93,87,100,14.45,light rain
71,Port Hawkesbury,CA,45.6169,-61.3485,60.87,75,90,4.0,overcast clouds
72,Puerto Ayora,EC,-0.7393,-90.3518,71.98,81,91,10.04,overcast clouds
73,Ponta Do Sol,PT,32.6667,-17.1,78.71,75,0,2.21,clear sky
74,Mamallapuram,IN,12.6264,80.1722,84.25,81,70,10.58,broken clouds
75,Bluff,NZ,-46.6,168.3333,49.8,85,100,8.59,overcast clouds
76,Hithadhoo,MV,-0.6,73.0833,82.96,74,40,9.44,scattered clouds
77,Gizo,SB,-8.103,156.8419,82.15,74,100,3.4,overcast clouds
78,Camacha,PT,33.0833,-16.3333,72.36,64,40,11.5,scattered clouds
79,Sorland,NO,67.667,12.6934,49.89,79,100,2.37,overcast clouds
80,Aksha,RU,50.2814,113.2867,34.38,92,99,4.74,overcast clouds
81,Pahrump,US,36.2083,-115.9839,77.59,13,0,2.93,clear sky
82,Kitimat,CA,54.0524,-128.6534,44.98,100,100,3.89,light rain
83,Port Elizabeth,ZA,-33.918,25.5701,54.1,82,40,23.02,scattered clouds
84,Amapa,BR,1.0,-52.0,98.01,30,28,3.96,scattered clouds
85,Shintomi,JP,32.0785,131.4723,68.5,82,0,4.79,clear sky
86,Cidreira,BR,-30.1811,-50.2056,65.73,70,83,9.71,broken clouds
87,Salalah,OM,17.0151,54.0924,82.49,83,75,9.22,broken clouds
88,Kapaa,US,22.0752,-159.319,75.52,83,75,1.01,light rain
89,Dakar,SN,14.6937,-17.4441,87.93,70,40,6.91,scattered clouds
90,Shimoda,JP,34.6667,138.95,71.1,84,1,6.06,clear sky
91,Bredasdorp,ZA,-34.5322,20.0403,54.72,54,83,8.05,broken clouds
92,Baoning,CN,25.3378,110.026,76.86,88,0,0.0,clear sky
93,Tarko-Sale,RU,64.9225,77.785,29.53,97,100,13.4,light snow
94,Padang,ID,-0.9492,100.3543,75.25,81,100,2.53,overcast clouds
95,Kapoeta,SS,4.7717,33.5903,71.82,84,100,5.06,overcast clouds
96,Karasjok,NO,69.4719,25.5112,51.91,93,100,21.9,overcast clouds
97,Cap Estate,LC,14.0833,-60.95,87.46,66,75,10.36,broken clouds
98,Maarianhamina,AX,60.0973,19.9348,53.46,82,90,14.97,overcast clouds
99,Klaksvik,FO,62.2266,-6.589,50.92,84,100,26.46,overcast clouds
100,La Ronge,CA,55.1001,-105.2842,52.05,66,40,2.3,scattered clouds
101,Makakilo City,US,21.3469,-158.0858,75.52,82,75,4.61,light intensity drizzle
102,Ternate,ID,0.8,127.4,80.22,77,97,0.51,overcast clouds
103,Demyansk,RU,57.643,32.466,45.73,82,31,5.23,scattered clouds
104,Atuona,PF,-9.8,-139.0333,77.95,74,37,23.02,scattered clouds
105,Ambon,ID,-3.6954,128.1814,78.94,89,40,5.75,scattered clouds
106,Port Hedland,AU,-20.3167,118.5667,66.25,82,3,6.91,clear sky
107,Port Alfred,ZA,-33.5906,26.891,57.81,57,55,35.03,broken clouds
108,Nago,JP,26.5881,127.9761,78.96,77,1,10.11,clear sky
109,Chokurdakh,RU,70.6333,147.9167,3.58,98,25,4.41,scattered clouds
110,Bassano,CA,50.7834,-112.4685,53.83,20,81,21.63,broken clouds
111,Tabas,IR,33.5959,56.9244,78.28,21,0,8.88,clear sky
112,Rawson,AR,-43.3002,-65.1023,50.04,53,100,35.68,overcast clouds
113,Rupert,US,42.6191,-113.6772,58.89,46,1,3.44,clear sky
114,Clyde River,CA,70.4692,-68.5914,39.43,81,90,4.61,overcast clouds
115,Eyl,SO,7.9803,49.8164,78.82,79,16,17.45,few clouds
116,Toluviejo,CO,9.4508,-75.4386,85.33,71,66,3.51,broken clouds
117,Khatanga,RU,71.9667,102.5,21.33,98,91,2.66,overcast clouds
118,Gillette,US,44.2911,-105.5022,63.03,30,1,3.44,clear sky
119,Alta Floresta,BR,-9.8756,-56.0861,98.04,33,22,2.89,few clouds
120,Geraldton,AU,-28.7667,114.6,59.41,82,76,8.05,broken clouds
121,Venice,US,27.0998,-82.4543,89.98,62,20,5.99,few clouds
122,Yining,CN,29.0361,114.5636,73.74,79,0,2.46,clear sky
123,Zabol,AF,32.25,67.25,66.97,21,8,12.28,clear sky
124,Thompson,CA,55.7435,-97.8558,50.16,87,75,4.61,broken clouds
125,Kamloops,CA,50.6665,-120.3192,52.75,67,75,12.66,broken clouds
126,Lebu,CL,-37.6167,-73.65,51.22,53,57,14.29,broken clouds
127,Hobart,AU,-42.8794,147.3294,55.26,93,90,4.61,overcast clouds
128,Mtwara,TZ,-10.2667,40.1833,75.72,79,7,11.32,clear sky
129,Nanortalik,GL,60.1432,-45.2371,43.66,57,0,10.51,clear sky
130,Andros Town,BS,24.7,-77.7667,82.36,65,83,16.15,broken clouds
131,Tasiilaq,GL,65.6145,-37.6368,39.36,62,70,5.79,broken clouds
132,Glendive,US,47.1053,-104.7125,64.18,48,1,6.91,clear sky
133,Sisimiut,GL,66.9395,-53.6735,38.44,77,52,6.73,broken clouds
134,Roald,NO,62.5833,6.1333,58.33,76,0,4.61,clear sky
135,San Policarpo,PH,12.1791,125.5072,80.46,81,99,1.03,overcast clouds
136,Marrakesh,MA,31.6315,-8.0083,98.67,12,0,6.91,clear sky
137,Ostrovnoy,RU,68.0531,39.5131,44.83,85,65,18.32,broken clouds
138,Jinchang,CN,38.4953,102.1739,59.67,34,19,6.64,few clouds
139,Palmer,US,42.1584,-72.3287,72.32,56,75,1.99,broken clouds
140,Tuatapere,NZ,-46.1333,167.6833,49.82,89,100,3.31,light rain
141,Borna,DE,51.1167,12.5,66.61,59,76,9.24,broken clouds
142,Pitimbu,BR,-7.4706,-34.8086,84.79,71,8,12.17,clear sky
143,Oranjestad,AW,12.524,-70.027,89.55,71,20,5.01,few clouds
144,Mugumu,TZ,-1.85,34.7,70.66,58,99,5.97,light rain
145,San Cristobal,VE,7.7669,-72.225,84.38,46,84,8.19,broken clouds
146,Ahipara,NZ,-35.1667,173.1667,53.19,91,64,8.3,broken clouds
147,Gat,IL,31.61,34.7642,77.68,100,11,6.64,few clouds
148,General Pico,AR,-35.6566,-63.7568,66.54,25,99,19.04,overcast clouds
149,Bowen,AU,-20.0167,148.2333,66.42,93,4,3.87,clear sky
150,Iqaluit,CA,63.7506,-68.5145,40.73,65,40,2.3,scattered clouds
151,Chuy,UY,-33.6971,-53.4616,65.17,53,0,8.88,clear sky
152,Svobodnyy,RU,51.4,128.1333,35.46,71,7,3.51,clear sky
153,Valley City,US,46.9233,-98.0032,65.14,82,1,8.05,clear sky
154,Airai,TL,-8.9266,125.4092,60.31,91,99,0.34,overcast clouds
155,Vung Tau,VN,10.346,107.0843,79.2,85,84,4.68,broken clouds
156,Mandera,KE,3.9366,41.867,91.17,33,48,11.27,scattered clouds
157,Lompoc,US,34.6391,-120.4579,86.13,100,1,0.0,clear sky
158,Campbeltown,GB,55.4258,-5.6076,53.65,75,95,9.62,overcast clouds
159,Leiyang,CN,26.4024,112.8591,82.69,61,20,5.55,few clouds
160,Vila Franca Do Campo,PT,37.7167,-25.4333,79.2,73,26,11.27,scattered clouds
161,Champerico,GT,14.3,-91.9167,92.77,70,96,5.03,overcast clouds
162,Yerbogachen,RU,61.2767,108.0108,26.42,90,46,1.79,scattered clouds
163,Ibra,OM,22.6906,58.5334,77.81,60,100,8.63,overcast clouds
164,Havoysund,NO,70.9963,24.6622,52.68,88,100,11.95,overcast clouds
165,Ust-Nera,RU,64.5667,143.2,28.11,90,99,3.47,overcast clouds
166,Nizhniy Baskunchak,RU,48.2198,46.8311,52.93,39,1,6.96,clear sky
167,Esperance,AU,-33.8667,121.9,53.44,71,30,22.15,scattered clouds
168,Berlevag,NO,70.8578,29.0864,49.21,86,94,27.58,overcast clouds
169,Porto Novo,BJ,6.4965,2.6036,85.82,75,37,8.84,scattered clouds
170,Margate,GB,51.3813,1.3862,59.88,94,100,11.01,moderate rain
171,Pangody,RU,65.85,74.4859,30.31,85,100,15.01,overcast clouds
172,Sibiti,CG,-3.6819,13.3499,76.06,76,91,3.74,light rain
173,Bereda,ES,43.2686,-7.5406,65.14,92,100,13.27,overcast clouds
174,East London,ZA,-33.0153,27.9116,58.14,62,20,27.63,few clouds
175,Elliot,ZA,-31.3333,27.85,47.52,88,84,5.77,light rain
176,Ariquemes,BR,-9.9133,-63.0408,96.78,33,23,4.94,few clouds
177,Kodra,UA,50.5949,29.5587,54.43,60,43,7.47,scattered clouds
178,Keti Bandar,PK,24.1447,67.4497,83.25,84,86,8.01,overcast clouds
179,Mount Isa,AU,-20.7333,139.5,60.57,27,0,4.61,clear sky
180,Srivardhan,IN,18.0333,73.0167,80.31,90,100,6.29,overcast clouds
181,Rocha,UY,-34.4833,-54.3333,67.44,46,1,10.87,clear sky
182,Xuddur,SO,4.1213,43.8894,82.18,50,72,11.41,broken clouds
183,Nemuro,JP,43.3236,145.575,58.17,83,75,17.11,broken clouds
184,Constitucion,CL,-35.3333,-72.4167,56.46,50,6,13.76,clear sky
185,Severo-Kurilsk,RU,50.6789,156.125,48.15,95,100,19.46,light rain
186,Aksarka,RU,66.5606,67.7975,31.42,82,81,11.41,broken clouds
187,Avera,US,33.194,-82.5271,83.93,49,13,6.38,few clouds
188,Ballina,AU,-28.8667,153.5667,57.78,82,21,5.75,few clouds
189,Vila Velha,BR,-20.3297,-40.2925,87.75,58,0,18.41,clear sky
190,Kavaratti,IN,10.5669,72.642,82.08,80,100,17.09,overcast clouds
191,Pochutla,MX,15.7432,-96.4661,89.42,60,18,5.26,few clouds
192,Fairbanks,US,64.8378,-147.7164,31.96,94,90,8.05,snow
193,Gaspe,CA,48.8334,-64.4819,52.02,87,90,3.44,overcast clouds
194,Bodden Town,KY,19.2833,-81.25,89.01,74,40,5.99,scattered clouds
195,Catuday,PH,16.2923,119.8062,79.27,77,75,8.3,broken clouds
196,Deputatskiy,RU,69.3,139.9,13.14,90,84,5.7,broken clouds
197,Shingu,JP,33.7333,135.9833,65.89,75,0,5.41,clear sky
198,San Andres,CO,12.5847,-81.7006,87.82,70,40,13.8,scattered clouds
199,Libreville,GA,0.3925,9.4537,80.62,83,40,9.22,scattered clouds
200,Kodiak,US,57.79,-152.4072,36.91,52,90,23.02,light snow
201,Carnarvon,AU,-24.8667,113.6333,64.47,72,0,12.66,clear sky
202,Leticia,CO,-4.2153,-69.9406,89.65,62,75,3.44,broken clouds
203,Hami,CN,42.8,93.45,54.09,31,100,27.29,light rain
204,Avarua,CK,-21.2078,-159.775,71.65,100,75,2.3,light rain
205,San Vicente,AR,-26.6167,-54.1333,66.42,97,100,4.56,overcast clouds
206,Antofagasta,CL,-23.65,-70.4,68.22,54,13,10.87,few clouds
207,Sao Joao Da Barra,BR,-21.6403,-41.0511,87.89,75,89,12.95,overcast clouds
208,Beringovskiy,RU,63.05,179.3167,29.98,90,99,9.98,overcast clouds
209,Buraydah,SA,26.326,43.975,93.65,11,5,4.03,clear sky
210,Dondo,MZ,-19.6094,34.7431,76.51,80,1,10.96,clear sky
211,Honiara,SB,-9.4333,159.95,77.76,87,99,2.73,overcast clouds
212,Buchanan,LR,5.8808,-10.0467,82.36,87,100,5.06,light rain
213,Nome,US,64.5011,-165.4064,29.16,80,40,9.22,scattered clouds
214,Ambovombe,MG,-25.1667,46.0833,75.69,69,36,10.33,scattered clouds
215,Saint-Augustin,CA,51.226,-58.6502,46.35,91,100,13.8,overcast clouds
216,Carmen,MX,18.6333,-91.8333,86.04,74,20,10.36,few clouds
217,Praia Da Vitoria,PT,38.7333,-27.0667,79.05,73,40,16.26,scattered clouds
218,Yenagoa,NG,4.9247,6.2642,79.02,88,97,4.43,light rain
219,Kamphaeng Phet,TH,16.25,99.5,75.06,91,100,4.05,light rain
220,Leningradskiy,RU,69.3833,178.4167,13.06,74,37,12.41,scattered clouds
221,Chiang Klang,TH,19.2938,100.8617,73.74,98,99,1.19,overcast clouds
222,Elizabeth City,US,36.2946,-76.2511,78.85,62,20,1.99,few clouds
223,Dongying,CN,37.4564,118.4856,72.23,78,38,7.23,light rain
224,Two Hills,CA,53.7169,-111.7518,52.29,43,100,18.41,overcast clouds
225,Burns Lake,CA,54.2331,-125.7533,36.82,75,53,7.02,broken clouds
226,Oranjemund,NA,-28.55,16.4333,57.27,78,1,20.24,clear sky
227,Mathathane,BW,-22.2687,28.7495,79.74,43,78,18.12,light rain
228,Enid,US,36.3956,-97.8784,71.02,80,90,3.0,overcast clouds
229,Kruisfontein,ZA,-34.0033,24.7314,51.89,60,98,23.04,overcast clouds
230,Coquimbo,CL,-29.9533,-71.3436,62.33,63,0,12.66,clear sky
231,Te Anau,NZ,-45.4167,167.7167,43.63,90,100,0.81,overcast clouds
232,Cockburn Town,TC,21.4612,-71.1419,82.36,65,75,6.91,broken clouds
233,Ryotsu,JP,38.0833,138.4333,64.87,79,8,1.83,clear sky
234,Kavieng,PG,-2.5744,150.7967,81.12,73,87,5.82,overcast clouds
235,Saint Anthony,US,45.0205,-93.218,69.94,90,90,1.99,mist
236,Waddan,LY,29.1614,16.139,82.65,33,16,5.84,few clouds
237,Coxim,BR,-18.5067,-54.76,105.33,20,12,13.27,few clouds
238,Mayya,RU,61.7333,130.2811,29.52,97,84,0.87,broken clouds
239,Campbellton,CA,48.0075,-66.6727,48.38,93,100,3.58,overcast clouds
240,Kenosha,US,42.5667,-88.0501,76.68,69,40,4.61,scattered clouds
241,Muros,ES,42.7762,-9.0603,68.23,90,100,25.21,overcast clouds
242,Bima,ID,-8.4667,118.7167,75.54,92,78,5.68,broken clouds
243,Raudeberg,NO,61.9875,5.1352,57.2,67,100,1.01,overcast clouds
244,Vardo,NO,70.3705,31.1107,48.7,85,98,26.42,overcast clouds
245,Port-Gentil,GA,-0.7193,8.7815,82.36,74,40,14.97,scattered clouds
246,Sechura,PE,-5.5569,-80.8222,75.38,57,47,11.61,scattered clouds
247,Pevek,RU,69.7008,170.3133,24.04,63,43,20.98,scattered clouds
248,Sinnamary,GF,5.3833,-52.95,85.44,67,91,9.55,overcast clouds
249,Luderitz,NA,-26.6481,15.1594,61.16,60,0,29.28,clear sky
250,Port Lincoln,AU,-34.7333,135.8667,57.56,91,100,18.43,moderate rain
251,Ixtapa,MX,20.7,-105.2,83.23,78,75,3.44,broken clouds
252,Cabo San Lucas,MX,22.8909,-109.9124,81.14,88,90,3.44,overcast clouds
253,Yelizovo,RU,53.1873,158.3805,50.14,100,90,11.18,light intensity shower rain
254,Merauke,ID,-8.4667,140.3333,77.43,85,69,7.61,broken clouds
255,Asekeyevo,RU,53.5742,52.7972,48.9,76,100,5.23,overcast clouds
256,Cayenne,GF,4.9333,-52.3333,89.64,76,40,3.0,scattered clouds
257,Cabedelo,BR,-6.9811,-34.8339,84.87,70,11,13.09,few clouds
258,Delaware,US,39.0004,-75.4999,76.93,61,1,1.99,clear sky
259,Olafsvik,IS,64.8945,-23.7142,42.06,74,98,21.05,overcast clouds
260,Flinders,AU,-34.5833,150.8552,56.8,91,5,1.01,clear sky
261,Qena,EG,26.1615,32.7183,87.91,21,0,14.27,clear sky
262,Itarema,BR,-2.9248,-39.9167,86.95,56,50,20.38,scattered clouds
263,Walvis Bay,NA,-22.9575,14.5053,68.95,52,0,14.97,clear sky
264,Gresham,US,45.4982,-122.4315,63.34,89,20,3.44,mist
265,Bathsheba,BB,13.2167,-59.5167,92.01,58,40,26.46,scattered clouds
266,Nelson Bay,AU,-32.7167,152.15,62.65,77,3,15.61,clear sky
267,Burgstadt,DE,50.9167,12.8167,64.69,72,74,7.7,broken clouds
268,Klichka,RU,50.4457,117.996,33.93,70,100,11.59,light snow
269,Torbay,CA,47.6666,-52.7314,64.58,75,75,12.66,broken clouds
270,Sao Filipe,CV,14.8961,-24.4956,80.13,81,40,7.02,scattered clouds
271,Belyy Yar,RU,53.6039,91.3903,35.49,87,0,8.95,clear sky
272,Yendi,GH,9.4427,-0.0099,86.65,65,33,3.71,scattered clouds
273,Lagoa,PT,39.05,-27.9833,71.28,91,70,19.08,broken clouds
274,Lillooet,CA,50.6856,-121.942,56.12,67,100,5.66,overcast clouds
275,Manavgat,TR,36.7867,31.4431,77.41,46,24,1.97,few clouds
276,Yamethin,MM,20.4333,96.15,74.26,92,90,4.97,overcast clouds
277,Taksimo,RU,56.3444,114.8794,30.49,76,41,2.71,scattered clouds
278,Callaway,US,30.153,-85.5699,87.91,68,1,5.01,clear sky
279,Kalabo,ZM,-14.97,22.6814,78.15,43,41,3.6,light rain
280,Turmalina,BR,-17.2856,-42.73,96.3,24,5,6.33,clear sky
281,Norman Wells,CA,65.282,-126.8329,37.44,87,75,5.75,broken clouds
282,Caravelas,BR,-17.7125,-39.2481,84.09,59,3,13.51,clear sky
283,Tahe,CN,52.3333,124.7333,29.43,77,6,1.52,clear sky
284,Rio Claro,BR,-22.4114,-47.5614,78.78,51,99,9.71,moderate rain
285,Matamoros,MX,25.5333,-103.25,78.91,55,75,0.0,broken clouds
286,Kilindoni,TZ,-7.9139,39.6668,77.13,75,68,12.8,broken clouds
287,Nhulunbuy,AU,-12.2333,136.7667,75.81,88,100,5.75,overcast clouds
288,Clonakilty,IE,51.6231,-8.8706,54.61,69,68,14.81,broken clouds
289,Mogadishu,SO,2.0371,45.3438,78.37,87,78,16.69,broken clouds
290,Ayacucho,PE,-13.1583,-74.2239,69.66,37,20,2.3,few clouds
291,Tahoua,NE,14.8888,5.2692,98.58,20,20,4.61,few clouds
292,Maldonado,UY,-34.6667,-54.9167,70.99,47,2,11.45,clear sky
293,Preobrazheniye,RU,42.9019,133.9064,52.21,68,0,5.23,clear sky
294,Darhan,MN,49.4867,105.9228,37.44,77,100,7.72,overcast clouds
295,Alegrete,BR,-29.7831,-55.7919,76.12,65,91,9.17,overcast clouds
296,Ulladulla,AU,-35.35,150.4667,54.5,93,13,3.53,few clouds
297,Kununurra,AU,-15.7667,128.7333,76.98,88,61,5.75,broken clouds
298,Bambous Virieux,MU,-20.3428,57.7575,73.65,78,75,17.27,broken clouds
299,Ipixuna,BR,-1.7625,-48.8043,87.75,69,59,3.94,broken clouds
300,Chapais,CA,49.7834,-74.8492,51.58,51,16,5.37,few clouds
301,Merritt,CA,50.1123,-120.7942,50.45,62,100,8.19,overcast clouds
302,Port Blair,IN,11.6667,92.75,80.91,81,97,7.14,overcast clouds
303,Udachnyy,RU,66.4167,112.4,29.03,60,74,2.44,broken clouds
304,San Quintin,MX,30.4833,-115.95,79.63,42,98,3.74,overcast clouds
305,Westport,US,41.1415,-73.3579,74.8,61,87,1.01,overcast clouds
306,Aykhal,RU,66.0,111.5,27.82,52,83,2.8,broken clouds
307,Santa Marta,CO,11.2408,-74.199,85.51,67,55,4.65,broken clouds
308,Agogo,GH,6.8,-1.0819,76.51,92,95,2.08,light rain
309,Arlit,NE,18.7369,7.3853,94.75,10,0,13.47,clear sky
310,Bilibino,RU,68.0546,166.4372,16.52,95,100,2.15,light snow
311,San Borja,BO,-14.8167,-66.85,103.41,25,12,8.77,few clouds
312,Barra Do Garcas,BR,-15.89,-52.2567,102.15,23,16,9.08,few clouds
313,Umea,SE,63.8284,20.2597,51.73,76,0,14.97,clear sky
314,Peniche,PT,39.3558,-9.3811,74.75,87,88,12.1,overcast clouds
315,Thohoyandou,ZA,-22.9456,30.485,82.18,34,70,9.89,broken clouds
316,Narsaq,GL,60.9167,-46.05,44.82,43,6,5.41,clear sky
317,Pimentel,PE,-6.8367,-79.9342,68.29,68,75,13.8,broken clouds
318,Pont-A-Mousson,FR,48.9079,6.0589,68.38,63,0,13.8,clear sky
319,Kurilsk,RU,45.2333,147.8833,53.15,91,96,12.06,overcast clouds
320,Emba,KZ,48.8264,58.1442,49.17,62,100,5.48,overcast clouds
321,Jalu,LY,29.0331,21.5482,79.32,35,0,8.79,clear sky
322,San Benito,US,36.6166,-121.0844,60.13,16,0,2.35,clear sky
323,Berdigestyakh,RU,62.0989,126.6992,26.55,87,8,3.89,clear sky
324,Kaeo,NZ,-35.1,173.7833,54.32,90,70,6.49,broken clouds
325,Christchurch,NZ,-43.5333,172.6333,46.99,88,100,2.3,overcast clouds
326,Sobolevo,RU,54.4299,31.8996,45.68,79,47,6.96,scattered clouds
327,Zeya,RU,53.75,127.2667,31.08,81,51,2.77,broken clouds
328,Smithers,CA,54.7804,-127.1743,41.32,81,40,11.5,scattered clouds
329,Sawakin,SD,19.1059,37.3321,85.91,63,40,7.07,scattered clouds
330,Provost,CA,52.3501,-110.2683,59.45,31,85,17.83,overcast clouds
331,Bundaberg,AU,-24.85,152.35,66.22,97,73,1.01,broken clouds
332,Khipro,PK,25.8285,69.3772,88.5,55,26,16.78,scattered clouds
333,Baykit,RU,61.67,96.37,30.54,98,94,1.48,overcast clouds
334,Lamesa,US,32.7376,-101.951,72.09,53,0,4.76,clear sky
335,Laguna,US,38.421,-121.4238,82.24,39,1,3.44,clear sky
336,Havelock,US,34.8791,-76.9013,80.06,66,75,4.61,broken clouds
337,Usinsk,RU,65.9939,57.5281,36.93,69,100,6.42,overcast clouds
338,Inhambane,MZ,-23.865,35.3833,74.52,84,97,18.97,overcast clouds
339,Fort Portal,UG,0.6617,30.2748,59.85,97,100,2.68,light rain
340,Iskateley,RU,67.6803,53.1512,35.06,81,100,5.53,overcast clouds
341,General Roca,AR,-39.0333,-67.5833,57.6,19,14,21.9,few clouds
342,Zonguldak,TR,41.25,31.8333,50.29,92,99,0.58,overcast clouds
343,Tornio,FI,65.8481,24.1466,51.82,85,100,13.15,overcast clouds
344,Tiksi,RU,71.6872,128.8694,24.66,89,52,14.72,broken clouds
345,Mahajanga,MG,-15.7167,46.3167,78.82,69,20,12.66,few clouds
346,Oktyabrskiy,RU,54.4815,53.471,46.76,91,100,3.85,overcast clouds
347,Tiznit,MA,29.5833,-9.5,85.41,23,0,9.13,clear sky
348,Ferrol,ES,43.4832,-8.2369,69.35,91,100,25.26,light rain
349,Porto Velho,BR,-8.7619,-63.9039,89.65,51,0,4.61,clear sky
350,Luebo,CD,-5.35,21.4167,75.13,81,78,2.37,broken clouds
351,Kristiinankaupunki,FI,62.2743,21.376,51.12,79,11,14.79,few clouds
352,Halle,DE,51.5,12.0,66.94,58,0,8.05,clear sky
353,Bosaso,SO,11.2842,49.1816,87.71,66,16,5.3,few clouds
354,Pampa,US,35.5362,-100.9599,63.57,82,75,5.75,broken clouds
355,Sisophon,KH,13.5859,102.9737,76.98,89,100,4.85,light rain
356,Richards Bay,ZA,-28.783,32.0377,66.27,91,100,10.4,light rain
357,Moussoro,TD,13.6408,16.4901,96.84,13,49,7.16,scattered clouds
358,Seminole,US,28.7086,-81.2081,89.98,62,40,3.0,scattered clouds
359,Hwange,ZW,-18.3693,26.5019,86.86,30,88,4.68,overcast clouds
360,Vestmannaeyjar,IS,63.4427,-20.2734,47.39,71,75,20.71,broken clouds
361,Leshukonskoye,RU,64.8989,45.7622,40.59,89,98,3.62,overcast clouds
362,Cairns,AU,-16.9167,145.7667,73.35,93,42,0.0,scattered clouds
363,Labuhan,ID,-6.8844,112.2051,78.33,73,100,12.37,overcast clouds
364,Sungaipenuh,ID,-2.0833,101.3833,65.1,92,93,2.28,overcast clouds
365,Solnechnyy,RU,50.7214,136.6319,37.96,62,81,4.05,broken clouds
366,Marseille,FR,43.3333,5.5,71.91,67,84,5.99,broken clouds
367,Opuwo,NA,-18.0607,13.84,75.97,8,9,14.47,clear sky
368,Codrington,AU,-38.2667,141.9667,46.9,96,26,7.47,scattered clouds
369,Alpena,US,45.0617,-83.4327,78.12,62,1,1.99,clear sky
370,Wabana,CA,47.6332,-52.9481,64.38,74,75,12.66,broken clouds
371,Ende,ID,-8.8432,121.6623,77.97,88,100,5.57,overcast clouds
372,Baruun-Urt,MN,46.6806,113.2792,37.62,84,8,20.87,clear sky
373,Hualmay,PE,-11.0964,-77.6139,67.35,70,53,9.24,broken clouds
374,Katsuura,JP,35.1333,140.3,70.2,80,1,5.48,clear sky
375,Saint-Joseph,RE,-21.3667,55.6167,71.96,80,29,10.33,scattered clouds
376,Nkowakowa,ZA,-23.8878,30.2871,68.05,55,53,3.15,light rain
377,Guane,CU,22.2025,-84.0875,88.29,54,13,14.07,few clouds
378,Okulovka,RU,58.4008,33.2908,43.81,84,100,4.63,overcast clouds
379,Lida,BY,53.8833,25.2997,46.29,84,85,9.19,overcast clouds
380,Ondarroa,ES,43.3167,-2.4167,79.09,45,100,10.92,overcast clouds
381,Poum,NC,-20.2333,164.0167,73.71,84,20,17.45,few clouds
382,Coahuayana,MX,18.7333,-103.6833,87.28,62,27,2.68,scattered clouds
383,Fare,PF,-16.7,-151.0167,79.03,69,7,18.57,clear sky
384,Kieta,PG,-6.2167,155.6333,78.03,83,100,3.09,overcast clouds
385,San Blas,MX,21.5167,-105.2667,85.89,59,99,3.24,overcast clouds
386,Ahuimanu,US,21.4447,-157.8378,76.71,80,20,9.22,light rain
387,Tilichiki,RU,60.4667,166.1,35.04,91,100,1.25,overcast clouds
388,Cilegon,ID,-6.0174,106.0538,78.69,77,18,3.31,few clouds
389,Dharchula,IN,29.85,80.5333,68.61,92,76,0.83,broken clouds
390,Goderich,CA,43.7501,-81.7165,75.04,68,99,11.5,overcast clouds
391,Wajir,KE,1.7471,40.0573,87.94,30,16,8.16,few clouds
392,Zhangye,CN,38.9342,100.4517,57.67,32,43,7.9,scattered clouds
393,Bani,DO,18.2833,-70.3333,89.04,56,100,11.63,overcast clouds
394,Igrim,RU,63.1906,64.4162,31.17,89,87,4.76,overcast clouds
395,Paamiut,GL,61.994,-49.6678,41.63,68,8,15.48,clear sky
396,Seoul,KR,37.5683,126.9778,69.24,88,5,6.91,clear sky
397,Kysyl-Syr,RU,63.8986,122.7617,26.87,78,22,4.03,few clouds
398,Zhigansk,RU,66.7697,123.3711,26.78,84,14,10.96,few clouds
399,Prado,BR,-17.3411,-39.2208,82.96,64,5,17.45,clear sky
400,Mbaiki,CF,3.8678,17.9892,71.62,95,85,2.57,moderate rain
401,Cordoba,AR,-31.4135,-64.1811,91.42,23,40,1.99,scattered clouds
402,Rio Gallegos,AR,-51.6226,-69.2181,50.05,37,0,19.57,clear sky
403,Yar-Sale,RU,66.8333,70.8333,30.2,84,96,10.2,overcast clouds
404,Kloulklubed,PW,7.0419,134.2556,81.1,77,100,14.32,overcast clouds
405,Ashington,GB,50.9331,-0.3909,62.82,80,75,8.99,moderate rain
406,De Aar,ZA,-30.6497,24.0123,55.11,43,10,24.16,clear sky
407,Byron Bay,AU,-28.65,153.6167,57.87,69,13,6.98,few clouds
408,Lakes Entrance,AU,-37.8811,147.981,55.58,96,97,6.02,overcast clouds
409,Sitka,US,57.0531,-135.33,48.09,71,90,23.02,light rain
410,Mkuranga,TZ,-7.118,39.2078,77.99,81,95,7.45,overcast clouds
411,Jatiroto,ID,-7.8833,111.1167,73.13,83,97,4.61,overcast clouds
412,Puerto Leguizamo,CO,-0.1934,-74.7819,92.8,46,49,3.74,scattered clouds
413,Zelhem,NL,52.0067,6.3486,62.1,76,100,5.01,overcast clouds
414,Lorengau,PG,-2.0226,147.2712,79.65,76,13,2.24,few clouds
415,Bandarbeyla,SO,9.4942,50.8122,79.92,77,35,21.92,scattered clouds
416,San Jose,US,37.3394,-121.895,79.92,50,1,3.44,clear sky
417,Dunedin,NZ,-45.8742,170.5036,48.47,83,99,7.05,overcast clouds
418,Souillac,MU,-20.5167,57.5167,73.78,78,75,17.27,broken clouds
419,Nagato,JP,34.3833,131.2,68.2,70,0,5.19,clear sky
420,Lata,PT,40.1629,-8.3327,75.49,64,100,8.1,overcast clouds
421,Tulun,RU,54.5611,100.5792,31.59,91,100,1.9,overcast clouds
422,Vilyuysk,RU,63.7553,121.6247,26.78,78,18,3.0,few clouds
423,Cherskiy,RU,68.75,161.3,23.79,96,99,7.78,light snow
424,Eirunepe,BR,-6.6603,-69.8736,98.26,35,70,3.58,broken clouds
425,Fortuna,US,40.5982,-124.1573,52.14,100,90,0.0,overcast clouds
426,Lerwick,GB,60.1545,-1.1494,53.6,82,45,25.26,scattered clouds
427,Camara De Lobos,PT,32.6333,-16.9667,78.71,77,20,5.01,few clouds
428,Voznesenye,RU,61.0106,35.4781,46.56,87,100,5.79,overcast clouds
429,Pisco,PE,-13.7,-76.2167,68.05,68,0,12.66,clear sky
430,Guarapari,BR,-20.6667,-40.4975,87.69,71,98,14.83,overcast clouds
431,Praya,CV,14.9215,-23.5087,86.54,66,20,9.22,few clouds
432,Talnakh,RU,69.4865,88.3972,18.18,92,84,3.02,broken clouds
433,Hervey Bay,AU,-25.2986,152.8535,69.03,92,66,6.22,broken clouds
434,Naze,JP,28.3667,129.4833,77.14,71,4,12.93,clear sky
435,Derzhavinsk,KZ,51.1,66.3167,46.26,55,94,4.97,overcast clouds
436,Dwarka,IN,22.2394,68.9678,81.95,81,82,6.22,broken clouds
437,Campeche,MX,19.0,-90.5,93.79,39,56,4.25,broken clouds
438,Tazovskiy,RU,67.4667,78.7,30.0,77,98,15.01,overcast clouds
439,Portland,US,45.5234,-122.6762,56.16,91,90,1.01,mist
440,Morondava,MG,-20.2833,44.2833,76.84,84,11,8.34,few clouds
441,Russell,US,32.3502,-85.1999,82.8,70,20,8.05,few clouds
442,Hornepayne,CA,49.2138,-84.7705,55.26,88,100,5.68,overcast clouds
443,Bershet,RU,57.7309,56.3783,38.46,78,56,4.47,broken clouds
444,Suruc,TR,36.9761,38.425,82.6,24,1,5.06,clear sky
445,Srednekolymsk,RU,67.45,153.6833,19.47,94,89,8.61,overcast clouds
446,Shinpokh,PK,34.3292,71.1782,80.01,70,9,3.62,clear sky
447,Hasaki,JP,35.7333,140.8333,68.4,74,65,7.83,broken clouds
448,College,US,64.8569,-147.8028,31.95,94,90,3.44,snow
449,Isfana,KG,39.8386,69.5306,41.56,52,17,0.81,few clouds
450,Biak,ID,-0.9131,122.8766,74.82,88,83,2.64,broken clouds
451,Ancud,CL,-41.8697,-73.8203,49.53,60,59,11.45,broken clouds
452,Waipawa,NZ,-41.4122,175.5153,51.46,89,100,4.21,overcast clouds
453,Birobidzhan,RU,48.8,132.95,40.48,67,27,2.82,scattered clouds
454,Provideniya,RU,64.3833,-173.3,21.58,78,4,6.35,clear sky
455,Wellington,NZ,-41.2866,174.7756,54.07,80,90,5.01,overcast clouds
456,Presidencia Roque Saenz Pena,AR,-26.7852,-60.4388,74.57,68,99,5.41,overcast clouds
457,Ola,RU,59.5833,151.2833,39.16,89,33,7.7,scattered clouds
458,Namibe,AO,-15.1961,12.1522,63.54,77,1,6.98,clear sky
459,Atbasar,KZ,51.8,68.3333,37.56,61,47,5.48,scattered clouds
460,Mitsamiouli,KM,-11.3847,43.2844,79.09,69,20,3.44,few clouds
461,Ust-Maya,RU,60.4167,134.5333,27.41,93,64,1.12,broken clouds
462,Ilheus,BR,-14.7889,-39.0494,84.02,74,20,13.8,few clouds
463,Faya,SA,18.3851,42.4509,72.12,46,88,1.72,overcast clouds
464,Saldanha,ZA,-33.0117,17.9442,57.25,60,7,20.54,clear sky
465,Saint-Gaudens,FR,43.0833,0.6667,76.73,52,100,5.03,overcast clouds
466,Nioaque,BR,-21.1353,-55.83,99.77,27,34,12.35,scattered clouds
467,Sarankhola,BD,22.3082,89.7897,78.75,90,0,4.92,clear sky
468,Bengkulu,ID,-3.8004,102.2655,76.84,91,91,6.31,overcast clouds
469,Ardesen,TR,41.1911,40.9875,62.56,79,59,3.33,broken clouds
470,Beloha,MG,-25.1667,45.05,74.17,62,27,5.44,scattered clouds
471,Hailey,US,43.5196,-114.3153,48.06,40,1,11.5,clear sky
472,Paita,PE,-5.0892,-81.1144,72.16,70,25,14.94,scattered clouds
473,Northam,GB,51.0333,-4.2167,56.82,95,95,17.34,overcast clouds
474,Mocoa,CO,1.1493,-76.6466,86.13,58,53,4.99,broken clouds
475,Beyneu,KZ,45.3167,55.2,55.17,26,42,7.47,scattered clouds
476,Lukiv,UA,51.0521,25.4006,55.18,62,20,8.08,few clouds
477,Gazojak,TM,41.1875,61.4036,52.25,22,0,10.22,clear sky
478,Tacuati,PY,-23.45,-56.5833,102.24,28,39,8.7,scattered clouds
479,Morros,BR,-9.4467,-46.3003,100.78,17,19,9.69,few clouds
480,Funehiki,JP,37.4333,140.5833,56.75,94,13,2.04,few clouds
481,Matara,LK,5.9485,80.5353,77.61,90,11,7.54,few clouds
482,Juneau,US,58.3019,-134.4197,46.22,88,90,1.01,light rain
483,Kargala,RU,56.6208,83.9607,36.95,93,100,6.91,overcast clouds
484,Kula,TR,38.5473,28.6498,61.56,39,22,7.23,few clouds
485,Scarborough,GB,54.2797,-0.4044,54.54,90,100,1.01,moderate rain
486,Mersing,MY,2.4312,103.8405,76.91,88,98,6.91,overcast clouds
487,Dolores,AR,-36.3132,-57.6792,67.84,51,77,14.2,light rain
488,Annau,TM,37.8876,58.516,62.1,31,0,4.61,clear sky
489,Nueva Guinea,NI,11.6876,-84.4562,80.24,84,65,9.73,broken clouds
490,Nisia Floresta,BR,-6.0911,-35.2086,88.18,52,17,14.5,few clouds
491,Neepawa,CA,50.2289,-99.4664,60.82,33,3,6.87,clear sky
492,Murray Bridge,AU,-35.1167,139.2667,64.44,52,100,11.45,light rain
493,Maningrida,AU,-12.0667,134.2667,77.43,81,100,6.17,overcast clouds
494,Kyra,RU,49.5776,111.9753,33.85,99,100,4.45,light rain
495,Mana,GF,5.6592,-53.7767,83.93,74,66,8.97,broken clouds
496,Windhoek,NA,-22.5594,17.0832,73.89,9,0,2.3,clear sky
497,Lola,GN,7.8,-8.5333,72.19,98,100,2.59,light rain
498,Gornopravdinsk,RU,60.05,69.9,31.33,96,92,6.69,overcast clouds
499,Pacocha,PE,-17.5833,-71.3333,62.74,77,90,12.66,overcast clouds
500,Talavera De La Reina,ES,39.9635,-4.8308,79.61,32,54,10.22,broken clouds
501,Lao Cai,VN,22.4833,103.95,75.79,98,94,0.67,overcast clouds
502,Namatanai,PG,-3.6667,152.4333,78.8,80,93,4.45,overcast clouds
503,Peace River,CA,56.2501,-117.286,44.91,65,90,6.91,overcast clouds
504,Siyabuswa,ZA,-25.1132,29.0445,72.01,58,76,3.13,light rain
505,Yantal,RU,56.8471,105.2542,34.68,98,100,3.76,overcast clouds
506,Dzilam Gonzalez,MX,21.2833,-88.9333,90.82,49,96,4.99,overcast clouds
507,Alice Springs,AU,-23.7,133.8833,72.95,18,0,8.05,clear sky
508,Honningsvag,NO,70.9821,25.9704,48.9,88,100,22.62,overcast clouds
509,Finschhafen,PG,-6.6024,147.8681,78.87,84,100,4.7,overcast clouds
510,Troitsko-Pechorsk,RU,62.7084,56.1964,32.68,83,66,4.72,broken clouds
511,Gotsu,JP,35.0,132.2167,65.55,69,0,5.39,clear sky
512,Verkhnevilyuysk,RU,63.4453,120.3167,27.21,80,34,2.1,scattered clouds
513,Victoria Point,AU,-27.5833,153.3,61.61,80,59,6.64,broken clouds
514,Hofn,IS,64.2539,-15.2082,46.54,76,100,21.36,overcast clouds
515,Guilin,CN,25.2819,110.2864,77.11,73,12,1.39,light rain
516,Malakal,SS,9.5334,31.6605,73.87,94,93,7.43,light rain
517,Najran,SA,17.4924,44.1277,88.45,28,69,11.1,broken clouds
518,Isangel,VU,-19.55,169.2667,72.64,94,100,11.72,moderate rain
519,Naryan-Mar,RU,67.6713,53.087,34.97,81,100,5.57,overcast clouds
520,Upata,VE,8.0086,-62.3989,85.19,74,41,4.54,scattered clouds
521,Husavik,IS,66.0449,-17.3389,40.91,98,100,24.74,overcast clouds
522,Ambilobe,MG,-13.2,49.05,74.89,57,45,6.29,scattered clouds
523,Killybegs,IE,54.6333,-8.45,53.31,77,32,20.78,scattered clouds
524,Digha,IN,21.6833,87.55,81.75,87,79,12.28,broken clouds
525,Pangnirtung,CA,66.1451,-65.7125,33.8,86,20,0.0,few clouds
526,Chimbote,PE,-9.0853,-78.5783,67.78,72,76,8.61,broken clouds
527,Nabire,ID,-3.3667,135.4833,75.88,91,99,3.33,overcast clouds
528,Sao Joaquim,BR,-28.2939,-49.9317,53.71,82,100,5.66,overcast clouds
529,Port-Cartier,CA,50.0334,-66.8654,44.82,95,100,5.1,overcast clouds
530,Camargo,MX,27.6667,-105.1667,77.23,50,19,2.55,few clouds
531,Grindavik,IS,63.8424,-22.4338,43.27,81,75,28.77,broken clouds
532,Comodoro Rivadavia,AR,-45.8667,-67.5,49.86,37,0,17.27,clear sky
533,Hambantota,LK,6.1241,81.1185,79.92,83,13,13.91,few clouds
534,Mabiton,PH,12.8334,123.2612,82.67,77,100,8.1,overcast clouds
535,Suhbaatar,MN,50.2314,106.2078,34.14,90,100,4.07,overcast clouds
536,Yulara,AU,-25.2406,130.9889,71.44,23,0,16.11,clear sky
537,Kudahuvadhoo,MV,2.6708,72.8944,82.89,74,33,14.29,scattered clouds
538,Show Low,US,34.2542,-110.0298,62.01,48,1,3.44,clear sky
539,Vigrestad,NO,58.5667,5.7,55.08,75,95,23.29,overcast clouds
540,Madhipura,IN,25.9167,86.7833,77.41,87,87,6.42,overcast clouds
541,Senno,RU,59.5336,33.9167,40.26,87,100,4.7,overcast clouds
542,Nalgonda,IN,17.05,79.2667,77.25,89,44,7.07,scattered clouds
543,Mmathubudukwane,BW,-24.6,26.4333,81.46,16,4,10.89,clear sky
544,Jand,PK,33.4299,72.0193,85.55,58,5,10.31,clear sky
545,Shubarkuduk,KZ,49.1447,56.4872,49.77,51,98,5.99,overcast clouds
546,Machali,CL,-34.1833,-70.6667,54.68,54,40,11.5,scattered clouds
547,Feijo,BR,-8.1642,-70.3536,98.02,33,18,5.3,few clouds
548,Jimenez,MX,28.3333,-105.4,72.34,47,1,4.34,clear sky
549,Nishihara,JP,26.1842,127.7558,78.08,69,40,4.61,scattered clouds
550,Inongo,CD,-1.95,18.2667,75.33,83,82,3.89,broken clouds
551,Sangin,AF,32.0728,64.8359,76.68,19,0,7.23,clear sky
552,Davenda,RU,53.5556,119.317,30.31,72,11,3.62,few clouds
553,Sur,OM,22.5667,59.5289,81.93,78,100,7.83,overcast clouds
554,Araouane,ML,18.9048,-3.5265,103.6,7,87,6.02,overcast clouds
555,Srandakan,ID,-7.9386,110.2506,76.75,78,86,4.9,overcast clouds
556,Sukhobezvodnoye,RU,57.0491,44.8891,46.02,76,100,3.36,overcast clouds
557,Raton,US,36.9034,-104.4391,57.81,55,1,8.05,clear sky
558,Neiafu,TO,-18.65,-173.9833,75.88,83,75,6.91,broken clouds
559,Santa Ines,BR,-3.6667,-45.38,82.53,68,89,3.56,overcast clouds
560,Clinton,US,42.587,-82.9199,77.32,60,75,1.01,broken clouds
561,Vanavara,RU,60.34,102.2797,35.04,97,100,4.7,overcast clouds
562,Iquitos,PE,-3.7481,-73.2472,91.44,58,75,4.61,broken clouds
563,Raga,SS,8.4596,25.678,75.83,81,99,3.13,overcast clouds
564,Azuaga,ES,38.2667,-5.6833,79.97,28,6,9.17,clear sky
565,Kirakira,SB,-10.4544,161.9205,77.99,84,86,0.81,overcast clouds
566,Rudnichnyy,RU,59.617,52.4703,41.83,94,100,2.59,overcast clouds
567,San Patricio,US,28.017,-97.5169,83.16,60,86,6.33,overcast clouds
568,Jaisalmer,IN,26.9147,70.9181,90.21,45,35,11.54,scattered clouds
569,Touros,BR,-5.1989,-35.4608,86.9,60,6,16.17,clear sky
570,Gornyy,RU,55.1153,83.9059,33.8,90,98,8.95,overcast clouds
571,Bend,US,44.0582,-121.3153,64.45,61,1,1.01,clear sky
572,Aswan,EG,24.0934,32.907,92.5,22,0,10.36,clear sky
573,Baracoa,CU,20.3467,-74.4958,86.27,62,55,9.82,broken clouds
574,Haines Junction,CA,60.7522,-137.5108,35.55,93,100,2.3,light rain
575,Calabozo,VE,8.9242,-67.4293,92.28,44,54,6.31,broken clouds
576,Imeni Poliny Osipenko,RU,52.4201,136.4853,33.91,63,43,2.68,scattered clouds
577,Kamarion,GR,36.8,25.8167,66.74,70,0,29.77,clear sky
578,Sandy Bay,AU,-42.913,147.3532,55.29,93,90,4.61,overcast clouds
579,Ordu,TR,40.9086,37.6845,48.7,91,98,0.81,overcast clouds
580,Molde,NO,62.7375,7.1591,56.97,67,0,3.44,clear sky
581,Asau,RO,46.4333,26.4,54.75,66,8,1.19,clear sky
582,Guangzhou,CN,23.1167,113.25,84.15,67,0,9.26,clear sky
583,Agaro,ET,7.85,36.65,60.57,97,100,3.09,light rain
584,Brentwood,US,40.7812,-73.2462,74.89,56,75,5.99,broken clouds
585,Belmonte,BR,-15.8631,-38.8828,84.7,64,22,14.23,few clouds
586,Bonthe,SL,7.5264,-12.505,80.98,78,93,7.2,moderate rain
587,Kalianget,ID,-7.05,113.9333,80.67,75,96,5.12,overcast clouds
588,Khuzdar,PK,27.7384,66.6434,79.03,54,38,10.07,scattered clouds
589,Ayan,RU,56.45,138.1667,41.54,70,24,6.6,few clouds
590,Nuuk,GL,64.1835,-51.7216,39.81,52,20,12.66,few clouds
591,Alofi,NU,-19.0595,-169.9187,73.29,94,100,12.66,overcast clouds
592,Punta Cardon,VE,11.6581,-70.215,88.11,61,94,20.89,overcast clouds
593,Cantaura,VE,9.3057,-64.3584,90.79,45,34,11.68,scattered clouds
594,Adre,TD,13.4667,22.2,84.09,28,0,5.66,clear sky
595,Nguru,NG,12.8791,10.4526,93.97,19,2,3.8,clear sky
596,Saint-Ambroise,CA,48.5501,-71.3324,52.57,81,96,2.3,overcast clouds
597,Susice,CZ,49.2311,13.5202,63.36,78,51,3.91,broken clouds
598,Ziro,IN,27.6333,93.8333,56.53,98,44,0.58,scattered clouds
599,Naraini,IN,25.1833,80.4833,83.62,67,88,2.44,overcast clouds
600,Altamira,BR,-3.2033,-52.2064,87.89,66,75,4.61,broken clouds
601,Port Moresby,PG,-9.4431,147.1797,78.22,94,75,3.44,broken clouds
602,Puri,IN,19.8,85.85,82.92,78,3,12.01,clear sky
603,Longkou,CN,37.6508,120.3286,70.9,87,47,15.79,scattered clouds
604,Kaseda,JP,31.4167,130.3167,71.85,87,1,6.22,clear sky
605,Khakhea,BW,-24.6895,23.494,68.2,15,1,10.65,clear sky
606,Vyazma,RU,55.2104,34.2951,43.39,82,84,5.68,broken clouds
607,Vao,NC,-22.6667,167.4833,71.15,91,100,15.17,overcast clouds
608,Teahupoo,PF,-17.8333,-149.2667,69.76,76,32,19.95,scattered clouds
609,Bac Lieu,VN,9.285,105.7244,80.24,85,100,8.5,overcast clouds
610,Odweyne,SO,9.4092,45.064,76.82,62,55,10.51,light rain
611,Noumea,NC,-22.2763,166.4572,75.0,99,79,5.55,broken clouds
612,Ankpa,NG,7.3706,7.6253,78.96,82,52,2.95,light rain
613,Muzhi,RU,65.3667,64.6667,31.55,86,89,5.35,overcast clouds
614,Tondon,GN,10.3667,-13.35,79.16,89,60,2.84,moderate rain
615,Kazanskoye,RU,55.6448,69.235,36.68,61,98,5.37,overcast clouds
616,Ingham,US,42.6,-84.3833,75.38,63,40,4.61,scattered clouds
617,Taoudenni,ML,22.6783,-3.9836,106.23,6,4,10.8,clear sky
618,Bom Jesus,BR,-9.0744,-44.3586,99.1,22,64,3.51,broken clouds
619,Broome,US,42.2506,-75.833,72.63,62,1,1.99,clear sky
620,Komsomolskiy,UZ,40.4272,71.7189,56.12,41,96,4.61,overcast clouds
621,Midland,US,31.9974,-102.0779,74.48,67,40,3.44,scattered clouds
622,Pangkalanbuun,ID,-2.6833,111.6167,73.67,95,67,0.25,broken clouds
623,Gimli,CA,50.6336,-96.9907,65.43,94,0,4.61,clear sky
624,Charters Towers,AU,-20.1,146.2667,67.73,70,1,7.02,clear sky
625,Katangli,RU,51.7102,143.2326,42.15,71,6,8.84,clear sky
626,Kpandae,GH,8.4689,-0.0113,85.26,72,39,3.53,scattered clouds
627,Along,IN,28.1667,94.7667,72.41,99,43,0.54,scattered clouds
628,Udimskiy,RU,61.1417,45.9144,42.62,94,100,2.53,light rain
629,Safford,US,32.834,-109.7076,73.11,43,1,12.66,clear sky
630,Nyurba,RU,63.2842,118.3319,27.97,86,60,1.21,broken clouds
631,Carutapera,BR,-1.195,-46.02,88.07,55,20,11.54,few clouds
632,Mildura,AU,-34.2,142.15,53.56,87,40,6.91,scattered clouds
633,Stange,NO,60.718,11.1942,51.62,93,100,5.46,overcast clouds
634,Mehamn,NO,71.0357,27.8492,50.14,85,96,18.95,overcast clouds
635,San Pedro,PH,14.35,121.0167,81.63,85,75,5.75,light intensity shower rain
636,Teguise,ES,29.0605,-13.564,79.02,61,0,21.85,clear sky
637,Severnyy,RU,50.677,36.5532,50.04,71,75,4.47,broken clouds
638,Chico,US,39.7285,-121.8375,76.68,34,20,1.99,few clouds
639,Massaguet,TD,12.4755,15.4365,96.84,18,89,7.85,overcast clouds
640,Katobu,ID,-4.9408,122.5276,73.74,85,56,1.1,broken clouds
641,Chikwawa,MW,-16.0335,34.8009,92.98,25,46,5.48,scattered clouds
642,Vicuna,CL,-30.0319,-70.7081,76.77,25,48,9.93,scattered clouds
643,Ponta Delgada,PT,37.7333,-25.6667,79.5,83,20,17.27,few clouds
644,Svetlogorsk,BY,52.6333,29.7333,48.54,70,100,7.9,overcast clouds
645,Filingue,NE,14.3521,3.3168,101.37,12,0,6.91,clear sky
646,Tura,IN,25.5198,90.2201,74.77,89,22,2.89,few clouds
647,Esmeraldas,BR,-19.7625,-44.3139,93.31,25,72,7.14,broken clouds
648,Pimenta Bueno,BR,-11.6725,-61.1936,97.29,33,25,6.02,scattered clouds
649,Ukiah,US,39.1502,-123.2078,83.97,50,1,0.0,clear sky
650,Pinega,RU,64.7001,43.3936,40.73,81,99,4.45,overcast clouds
651,Ekhabi,RU,53.5102,142.9671,40.69,81,39,7.65,scattered clouds
652,Pringsewu,ID,-5.3582,104.9744,73.81,96,43,2.71,scattered clouds
653,Thinadhoo,MV,0.5333,72.9333,83.19,69,49,12.08,scattered clouds
654,Rottingdean,GB,50.8098,-0.0594,63.63,97,75,34.0,broken clouds
655,Myanaung,MM,18.2833,95.3167,75.13,92,100,5.59,overcast clouds
656,Borovoy,RU,55.4333,86.0833,33.08,100,90,13.42,light shower snow
657,Rio Grande,BR,-32.035,-52.0986,68.11,59,2,6.55,clear sky
658,Huarmey,PE,-10.0681,-78.1522,67.89,73,42,9.37,scattered clouds
659,Kibala,TD,9.1104,18.3463,82.35,69,40,6.91,scattered clouds
660,Livingston,GB,55.9029,-3.5226,52.16,89,75,6.91,broken clouds
661,Ikom,NG,5.9667,8.7063,78.06,90,63,2.44,moderate rain
662,Vizinga,RU,61.0749,50.1031,43.45,95,100,3.13,overcast clouds
663,Quatis,BR,-22.4072,-44.2581,89.49,44,89,4.43,overcast clouds
664,Atambua,ID,-9.1061,124.8925,74.28,84,100,1.81,overcast clouds
665,Posse,BR,-14.0931,-46.3694,95.68,23,66,3.36,broken clouds
666,Lodwar,KE,3.1191,35.5973,82.76,45,98,16.64,overcast clouds
667,Hanstholm,DK,57.1167,8.6167,55.74,73,100,11.1,overcast clouds
668,Luangwa,ZM,-15.6167,30.4167,86.74,26,3,3.91,clear sky
669,Eseka,CM,3.65,10.7667,75.9,88,69,3.47,broken clouds
670,Natal,BR,-5.795,-35.2094,88.02,62,40,18.41,scattered clouds
671,Navahrudak,BY,53.6,25.8333,46.11,79,100,8.77,overcast clouds
672,Mandalgovi,MN,45.7625,106.2708,33.03,72,99,21.61,overcast clouds
673,Kulhudhuffushi,MV,6.6221,73.07,82.2,78,100,15.84,overcast clouds
674,Sun Valley,US,39.5963,-119.776,65.93,22,1,1.01,clear sky
